                  epoch,         train/box_loss,         train/cls_loss,         train/dfl_loss,   metrics/precision(B),      metrics/recall(B),       metrics/mAP50(B),    metrics/mAP50-95(B),           val/box_loss,           val/cls_loss,           val/dfl_loss,                 lr/pg0,                 lr/pg1,                 lr/pg2
                      1,                 1.5058,                 3.0311,                 1.6072,                0.88351,                0.31435,                0.49684,                0.27133,                 1.4097,                 3.5094,                 1.3269,              0.0032955,              0.0032955,              0.0032955
                      2,                 1.2135,                 1.5579,                 1.2288,                0.60511,                0.50044,                0.52946,                0.27809,                 1.5358,                 2.0294,                 1.5519,              0.0066157,              0.0066157,              0.0066157
                      3,                 1.2325,                 1.2075,                 1.2367,                 0.3204,                0.37042,                0.23488,                0.10229,                 1.9232,                 2.5173,                 1.7752,              0.0099227,              0.0099227,              0.0099227
                      4,                 1.2525,                 1.0473,                 1.2539,                0.69115,                0.64136,                0.65568,                0.39009,                 1.4499,                 1.2874,                 1.4708,              0.0099406,              0.0099406,              0.0099406
                      5,                 1.1958,                0.92353,                 1.2282,                0.58218,                0.39703,                0.44254,                0.24317,                 1.6677,                 1.8534,                 1.5501,              0.0099208,              0.0099208,              0.0099208
                      6,                 1.1547,                0.86122,                 1.2062,                0.57471,                0.50704,                0.48076,                0.24868,                 1.7335,                 1.7732,                 1.7704,               0.009901,               0.009901,               0.009901
                      7,                  1.128,                0.81609,                 1.1894,                0.50687,                0.54188,                 0.4384,                0.21749,                 1.8438,                 1.9984,                 1.8841,              0.0098812,              0.0098812,              0.0098812
                      8,                 1.1152,                0.79419,                 1.1849,                0.48425,                0.44328,                 0.3102,                0.14214,                  2.041,                  2.625,                  2.041,              0.0098614,              0.0098614,              0.0098614
                      9,                 1.0767,                0.75583,                 1.1681,                0.73393,                0.66798,                0.69253,                0.43038,                 1.3469,                 1.1937,                 1.3842,              0.0098416,              0.0098416,              0.0098416
                     10,                 1.0575,                0.73526,                 1.1552,                0.86754,                0.73726,                0.82916,                 0.5667,                  1.161,                0.81269,                 1.2327,              0.0098218,              0.0098218,              0.0098218
                     11,                 1.0447,                0.71424,                 1.1447,                0.55021,                0.50702,                0.45864,                 0.2236,                 1.9592,                 2.0635,                 1.8546,               0.009802,               0.009802,               0.009802
                     12,                 1.0254,                0.70286,                 1.1365,                0.79194,                0.61943,                0.68892,                0.45301,                 1.2853,                  1.188,                 1.2925,              0.0097822,              0.0097822,              0.0097822
                     13,                 1.0203,                0.69209,                 1.1331,                 0.9306,                0.81908,                0.91047,                0.67413,                0.95961,                0.61951,                 1.0884,              0.0097624,              0.0097624,              0.0097624
                     14,                0.99762,                0.67515,                 1.1194,                0.45754,                 0.4952,                0.36386,                0.18292,                 1.9758,                 2.5339,                 2.0756,              0.0097426,              0.0097426,              0.0097426
                     15,                 1.0007,                0.65776,                 1.1178,                0.82628,                0.55759,                 0.6686,                0.39134,                 1.5294,                 1.2153,                 1.4789,              0.0097228,              0.0097228,              0.0097228
                     16,                0.98369,                0.64672,                 1.1183,                0.92857,                0.83595,                0.92368,                0.69053,                0.91917,                0.58363,                  1.064,               0.009703,               0.009703,               0.009703
                     17,                0.97356,                0.62915,                 1.1006,                0.75723,                0.64354,                0.69725,                0.43037,                 1.4236,                 1.0767,                 1.4455,              0.0096832,              0.0096832,              0.0096832
                     18,                0.97049,                0.62221,                 1.1036,                 0.8354,                0.72411,                0.79739,                0.54567,                 1.1835,                0.87232,                 1.2582,              0.0096634,              0.0096634,              0.0096634
                     19,                0.95871,                0.62136,                 1.0978,                0.63892,                0.42321,                0.46399,                0.22168,                 2.0038,                 1.8893,                 1.7347,              0.0096436,              0.0096436,              0.0096436
                     20,                0.95024,                 0.6155,                 1.0976,                0.90616,                0.79625,                0.88261,                0.63845,                 1.0144,                0.70632,                 1.1085,              0.0096238,              0.0096238,              0.0096238
                     21,                 0.9426,                0.59562,                 1.0842,                0.74988,                0.60209,                0.62938,                0.38546,                 1.4228,                 2.2981,                 1.4107,               0.009604,               0.009604,               0.009604
                     22,                0.93925,                0.59726,                 1.0857,                0.89973,                0.79407,                0.87385,                0.61451,                 1.0891,                0.69856,                 1.1619,              0.0095842,              0.0095842,              0.0095842
                     23,                0.92284,                0.57964,                  1.078,                  0.946,                0.87138,                0.94437,                0.72464,                0.87817,                 0.5025,                 1.0286,              0.0095644,              0.0095644,              0.0095644
                     24,                0.91922,                0.57573,                  1.078,                0.93124,                0.88787,                0.94771,                0.73827,                0.85331,                0.46933,                 1.0205,              0.0095446,              0.0095446,              0.0095446
                     25,                0.91177,                0.57207,                 1.0676,                0.94464,                0.87849,                 0.9447,                0.72923,                0.84566,                0.48057,                 1.0138,              0.0095248,              0.0095248,              0.0095248
                     26,                0.90016,                0.55508,                 1.0634,                0.93789,                0.83007,                0.91473,                0.68623,                0.93857,                0.56438,                 1.0689,               0.009505,               0.009505,               0.009505
                     27,                0.90379,                 0.5598,                 1.0648,                0.90293,                0.75654,                0.84677,                0.58978,                  1.119,                0.72547,                 1.1679,              0.0094852,              0.0094852,              0.0094852
                     28,                 0.8901,                0.54763,                 1.0611,                0.94499,                0.85384,                0.93671,                0.71519,                0.88345,                0.49911,                 1.0308,              0.0094654,              0.0094654,              0.0094654
                     29,                0.89638,                0.55362,                   1.06,                0.94098,                0.84686,                0.92879,                0.70036,                0.91178,                 0.5269,                 1.0406,              0.0094456,              0.0094456,              0.0094456
                     30,                0.88616,                0.54121,                 1.0531,                 0.8836,                0.81021,                0.89143,                0.67223,                0.95957,                0.59852,                 1.0723,              0.0094258,              0.0094258,              0.0094258
                     31,                0.88511,                0.54312,                  1.055,                0.86282,                0.74913,                0.83221,                0.54587,                 1.2172,                 0.7802,                 1.2722,               0.009406,               0.009406,               0.009406
                     32,                0.86826,                0.52243,                 1.0442,                0.88048,                0.65052,                0.77397,                0.53121,                 1.2064,                 0.9062,                  1.203,              0.0093862,              0.0093862,              0.0093862
                     33,                0.86499,                0.53482,                 1.0408,                0.46228,                0.44023,                  0.314,                0.14807,                 2.1699,                 2.6631,                 2.3095,              0.0093664,              0.0093664,              0.0093664
                     34,                0.87449,                 0.5288,                  1.044,                0.92738,                0.84031,                0.92318,                0.70086,                0.91854,                0.53567,                 1.0465,              0.0093466,              0.0093466,              0.0093466
                     35,                0.87228,                0.52676,                 1.0438,                0.96619,                0.88743,                 0.9567,                0.75608,                0.82366,                0.44067,                0.98588,              0.0093268,              0.0093268,              0.0093268
                     36,                 0.8547,                0.51666,                 1.0362,                 0.8643,                 0.7452,                0.83017,                0.56878,                 1.1343,                0.78938,                 1.1973,               0.009307,               0.009307,               0.009307
                     37,                0.85122,                0.51087,                 1.0349,                 0.6783,                0.61562,                0.66008,                0.41634,                 1.3826,                 1.1702,                 1.4041,              0.0092872,              0.0092872,              0.0092872
                     38,                0.84389,                0.50425,                 1.0315,                0.87048,                0.67016,                0.76282,                0.50952,                  1.263,                 1.0792,                 1.2394,              0.0092674,              0.0092674,              0.0092674
                     39,                 0.8483,                0.51059,                 1.0297,                0.84657,                0.70724,                0.78293,                0.51665,                  1.236,                 0.9022,                 1.2442,              0.0092476,              0.0092476,              0.0092476
                     40,                 0.8415,                0.50515,                 1.0319,                0.87442,                0.75087,                0.84219,                 0.5952,                 1.0954,                0.74037,                  1.166,              0.0092278,              0.0092278,              0.0092278
                     41,                 0.8395,                0.50486,                 1.0285,                0.93029,                0.83115,                0.90079,                0.66649,                 0.9579,                0.59002,                 1.0676,               0.009208,               0.009208,               0.009208
                     42,                0.83237,                0.49497,                 1.0227,                0.96791,                0.91274,                0.96976,                0.79809,                0.72384,                0.37601,                0.93228,              0.0091882,              0.0091882,              0.0091882
                     43,                0.82702,                0.49021,                 1.0195,                0.94905,                0.88576,                  0.952,                0.75575,                0.80565,                0.43202,                0.96984,              0.0091684,              0.0091684,              0.0091684
                     44,                0.82777,                0.49239,                 1.0196,                0.94917,                0.90096,                0.95797,                0.75762,                0.80041,                0.42288,                0.97396,              0.0091486,              0.0091486,              0.0091486
                     45,                0.82678,                 0.4894,                 1.0218,                0.94105,                0.89965,                0.95424,                0.76128,                  0.798,                 0.4398,                 0.9759,              0.0091288,              0.0091288,              0.0091288
                     46,                   0.82,                0.48727,                 1.0221,                0.85223,                0.72426,                 0.7805,                0.51746,                 1.2181,                0.88544,                 1.3045,               0.009109,               0.009109,               0.009109
                     47,                 0.8185,                0.48688,                 1.0157,                0.96533,                  0.911,                0.96723,                0.79089,                0.72838,                0.37858,                0.93867,              0.0090892,              0.0090892,              0.0090892
                     48,                0.81629,                0.48064,                 1.0165,                0.96208,                0.90532,                0.96607,                0.78268,                 0.7528,                0.39954,                0.95265,              0.0090694,              0.0090694,              0.0090694
                     49,                0.80608,                0.47477,                 1.0113,                0.97417,                0.92166,                0.97287,                0.80097,                0.71656,                0.36411,                0.93299,              0.0090496,              0.0090496,              0.0090496
                     50,                0.80567,                0.47355,                 1.0134,                0.96982,                0.93412,                0.97914,                0.80899,                0.69296,                0.34129,                0.91841,              0.0090298,              0.0090298,              0.0090298
                     51,                0.80944,                0.47447,                 1.0088,                0.93626,                0.85871,                0.93627,                0.73958,                0.82063,                0.49206,                0.99732,                0.00901,                0.00901,                0.00901
                     52,                 0.8074,                0.47373,                 1.0112,                0.97115,                0.94503,                0.98008,                0.81843,                0.68888,                0.33516,                0.92197,              0.0089902,              0.0089902,              0.0089902
                     53,                0.80007,                0.46934,                   1.01,                0.91706,                0.78098,                 0.8789,                0.61035,                 1.1357,                0.66259,                 1.1725,              0.0089704,              0.0089704,              0.0089704
                     54,                0.80016,                0.46963,                 1.0055,                0.97599,                0.91798,                0.97002,                0.80697,                0.68186,                0.35948,                0.91561,              0.0089506,              0.0089506,              0.0089506
                     55,                0.79747,                0.46828,                 1.0076,                0.95372,                0.88656,                0.95396,                0.77825,                0.75198,                0.41539,                0.95316,              0.0089308,              0.0089308,              0.0089308
                     56,                0.79491,                0.46024,                 1.0035,                0.94136,                0.87551,                0.94164,                0.74956,                0.79688,                 0.4495,                0.97757,               0.008911,               0.008911,               0.008911
                     57,                0.79114,                0.46299,                 1.0035,                0.93093,                0.85861,                0.93405,                0.72295,                0.86247,                0.49051,                 1.0163,              0.0088912,              0.0088912,              0.0088912
                     58,                 0.7876,                0.46166,                 1.0009,                0.97013,                0.93523,                0.97366,                0.79746,                0.73059,                0.35206,                0.93608,              0.0088714,              0.0088714,              0.0088714
                     59,                0.78868,                0.45908,                 1.0011,                0.97706,                0.92909,                0.97706,                0.81988,                0.66835,                0.33245,                0.90856,              0.0088516,              0.0088516,              0.0088516
                     60,                0.78129,                0.45459,                  0.995,                0.96708,                0.93368,                0.97558,                0.81698,                0.68782,                0.34012,                0.92625,              0.0088318,              0.0088318,              0.0088318
                     61,                0.78298,                0.45574,                 1.0009,                0.96764,                0.91361,                 0.9684,                0.78447,                0.75546,                0.38619,                0.95995,               0.008812,               0.008812,               0.008812
                     62,                0.78164,                 0.4491,                0.99765,                0.89133,                0.80163,                  0.883,                0.65203,                0.98888,                0.62515,                  1.094,              0.0087922,              0.0087922,              0.0087922
                     63,                0.77504,                0.44725,                0.99219,                0.95998,                0.91274,                 0.9672,                0.79014,                0.72937,                0.37722,                0.94093,              0.0087724,              0.0087724,              0.0087724
                     64,                0.77054,                0.44686,                0.99607,                  0.973,                0.95332,                0.98441,                0.83941,                0.62754,                0.30812,                0.89859,              0.0087526,              0.0087526,              0.0087526
                     65,                  0.776,                0.44867,                0.99461,                0.91007,                0.84729,                0.92738,                0.71703,                0.85652,                0.48726,                 1.0445,              0.0087328,              0.0087328,              0.0087328
                     66,                0.77736,                0.44828,                0.99599,                 0.9284,                0.83167,                0.91713,                0.71568,                0.86149,                0.53272,                 1.0199,               0.008713,               0.008713,               0.008713
                     67,                  0.765,                0.44096,                0.98825,                0.97383,                0.94066,                0.98038,                0.82334,                0.66552,                0.32051,                0.91153,              0.0086932,              0.0086932,              0.0086932
                     68,                0.77088,                0.44508,                0.99359,                0.96099,                0.89223,                0.95247,                0.75999,                0.79724,                0.42298,                 0.9789,              0.0086734,              0.0086734,              0.0086734
                     69,                0.76366,                0.44096,                0.99023,                0.92592,                0.86162,                0.92704,                0.71763,                0.88564,                0.48902,                 1.0319,              0.0086536,              0.0086536,              0.0086536
                     70,                0.76441,                 0.4354,                0.99096,                0.97436,                0.95288,                0.98286,                0.84173,                0.63303,                 0.2984,                0.89768,              0.0086338,              0.0086338,              0.0086338
                     71,                0.75915,                 0.4352,                 0.9896,                0.94178,                0.91758,                0.96364,                0.77835,                0.76312,                0.37858,                0.96699,               0.008614,               0.008614,               0.008614
                     72,                0.76171,                0.43842,                0.98511,                0.98015,                0.95375,                0.98438,                0.84496,                0.61108,                0.28791,                0.88099,              0.0085942,              0.0085942,              0.0085942
                     73,                0.75693,                0.43806,                0.98528,                0.98595,                0.95419,                0.98715,                0.84734,                0.61082,                0.28694,                0.88423,              0.0085744,              0.0085744,              0.0085744
                     74,                 0.7607,                0.43439,                 0.9917,                0.98595,                 0.9491,                0.98409,                0.85024,                0.59522,                0.28629,                0.87771,              0.0085546,              0.0085546,              0.0085546
                     75,                0.75703,                0.43573,                0.98736,                0.97744,                0.94504,                0.98404,                0.83874,                0.63504,                0.29756,                0.89577,              0.0085348,              0.0085348,              0.0085348
                     76,                0.75221,                0.42995,                0.98735,                0.94356,                0.89921,                0.95775,                0.77443,                0.77544,                0.40766,                0.97107,               0.008515,               0.008515,               0.008515
                     77,                0.75269,                0.43006,                0.98487,                0.97936,                0.95235,                0.98281,                 0.8382,                0.62518,                0.29493,                0.88995,              0.0084952,              0.0084952,              0.0084952
                     78,                0.74946,                0.42946,                0.98577,                 0.9833,                0.96161,                0.98755,                0.85149,                0.59877,                0.27754,                0.88169,              0.0084754,              0.0084754,              0.0084754
                     79,                0.75129,                0.43018,                0.98058,                0.96742,                0.93063,                0.97548,                0.81156,                0.68525,                0.33581,                0.91924,              0.0084556,              0.0084556,              0.0084556
                     80,                0.74565,                0.42861,                0.97684,                0.98147,                 0.9459,                0.98134,                0.84474,                0.60785,                  0.291,                0.88225,              0.0084358,              0.0084358,              0.0084358
                     81,                 0.7519,                0.42874,                0.98085,                0.98784,                0.95702,                0.98753,                0.85458,                0.59634,                0.27761,                0.87658,               0.008416,               0.008416,               0.008416
                     82,                0.75018,                0.43005,                0.98545,                0.97949,                0.96073,                0.98495,                0.85303,                0.59992,                0.28346,                0.88067,              0.0083962,              0.0083962,              0.0083962
                     83,                0.74308,                0.42409,                0.97945,                0.97829,                0.95506,                0.98442,                0.84932,                0.61198,                0.28743,                0.88393,              0.0083764,              0.0083764,              0.0083764
                     84,                0.73951,                0.41847,                0.97235,                0.98425,                0.96422,                0.98871,                0.86154,                0.58105,                0.26922,                0.86889,              0.0083566,              0.0083566,              0.0083566
                     85,                 0.7449,                0.42256,                0.98103,                0.98446,                0.96737,                0.99049,                0.86729,                0.56704,                0.26526,                0.86597,              0.0083368,              0.0083368,              0.0083368
                     86,                0.74241,                0.41922,                0.97838,                0.98271,                0.96729,                0.99013,                0.86595,                0.56737,                0.26352,                0.86659,               0.008317,               0.008317,               0.008317
                     87,                0.74088,                0.42367,                0.97596,                0.98256,                0.95853,                0.98676,                0.85146,                0.60252,                0.27728,                0.88004,              0.0082972,              0.0082972,              0.0082972
                     88,                0.73597,                0.41644,                 0.9743,                0.98542,                0.96248,                0.98789,                0.86159,                0.57937,                0.26626,                0.86955,              0.0082774,              0.0082774,              0.0082774
                     89,                0.73252,                0.41799,                0.97546,                0.98161,                0.95487,                0.98728,                0.85385,                0.59737,                0.28027,                0.87754,              0.0082576,              0.0082576,              0.0082576
                     90,                0.73173,                0.41342,                0.97373,                0.97486,                0.94732,                0.98243,                0.84241,                0.62356,                0.29789,                0.89161,              0.0082378,              0.0082378,              0.0082378
                     91,                 0.7324,                0.41543,                0.97505,                0.97985,                0.95453,                0.98627,                0.84986,                0.60888,                0.28437,                0.88423,               0.008218,               0.008218,               0.008218
                     92,                0.73439,                0.41458,                0.97619,                0.98383,                0.95588,                0.98617,                0.84862,                  0.615,                0.28207,                0.88534,              0.0081982,              0.0081982,              0.0081982
                     93,                0.73363,                0.41839,                0.97125,                0.98711,                0.96857,                 0.9896,                 0.8672,                0.56848,                 0.2596,                0.86599,              0.0081784,              0.0081784,              0.0081784
                     94,                0.72771,                 0.4127,                0.96902,                0.98796,                0.96902,                0.99101,                0.87078,                0.55676,                0.25496,                0.86096,              0.0081586,              0.0081586,              0.0081586
                     95,                0.72527,                0.41032,                0.97006,                0.98267,                0.95812,                0.98653,                0.85777,                0.58731,                 0.2721,                 0.8748,              0.0081388,              0.0081388,              0.0081388
                     96,                0.72134,                0.40838,                0.96934,                0.98403,                0.96772,                0.99078,                0.87402,                0.55978,                0.25443,                0.86378,               0.008119,               0.008119,               0.008119
                     97,                0.73246,                0.41488,                0.97512,                 0.9889,                0.97208,                0.99089,                0.87595,                0.54223,                0.24761,                0.85535,              0.0080992,              0.0080992,              0.0080992
                     98,                0.72046,                0.40717,                0.96779,                0.97715,                0.96248,                0.98516,                0.85554,                0.58728,                0.27126,                0.87435,              0.0080794,              0.0080794,              0.0080794
                     99,                0.71832,                0.40363,                0.97116,                0.98784,                0.95696,                0.98824,                0.86112,                0.58545,                0.26623,                0.87543,              0.0080596,              0.0080596,              0.0080596
                    100,                0.71519,                0.40458,                0.96952,                0.98349,                0.96185,                0.98788,                0.86318,                0.59095,                0.26393,                0.87604,              0.0080398,              0.0080398,              0.0080398
                    101,                0.72513,                0.40954,                0.97151,                0.98442,                0.96476,                0.98977,                0.86612,                 0.5737,                0.25715,                0.86994,                0.00802,                0.00802,                0.00802
                    102,                0.71546,                0.40402,                0.96602,                0.98908,                0.96859,                0.99065,                0.86991,                 0.5643,                0.25236,                0.86671,              0.0080002,              0.0080002,              0.0080002
                    103,                0.71622,                0.40418,                0.96628,                 0.9757,                0.96859,                0.98906,                0.86243,                0.58131,                0.26229,                0.87163,              0.0079804,              0.0079804,              0.0079804
                    104,                0.71653,                0.40328,                0.96638,                0.98627,                 0.9714,                0.99183,                0.87996,                0.53684,                0.24413,                0.85502,              0.0079606,              0.0079606,              0.0079606
                    105,                0.71506,                0.40412,                0.96665,                 0.9854,                0.97164,                0.99151,                0.88111,                0.53235,                0.24524,                0.85297,              0.0079408,              0.0079408,              0.0079408
                    106,                0.71417,                0.39766,                0.96232,                 0.9844,                0.97426,                0.99249,                0.88608,                0.52453,                0.23997,                0.84943,               0.007921,               0.007921,               0.007921
                    107,                0.71568,                0.40142,                0.96485,                0.98665,                0.96769,                0.99078,                0.87852,                0.54579,                0.24698,                0.85681,              0.0079012,              0.0079012,              0.0079012
                    108,                0.71392,                0.40576,                0.96261,                 0.9906,                 0.9658,                0.99222,                0.87973,                0.54468,                0.24441,                0.85602,              0.0078814,              0.0078814,              0.0078814
                    109,                0.71685,                0.40246,                0.96836,                0.98618,                0.97775,                0.99237,                 0.8842,                0.53289,                0.23707,                0.85377,              0.0078616,              0.0078616,              0.0078616
                    110,                0.70943,                0.39801,                0.96417,                0.98925,                  0.976,                0.99238,                  0.885,                 0.5275,                0.23624,                0.85312,              0.0078418,              0.0078418,              0.0078418
                    111,                0.70646,                0.39789,                0.95804,                0.98615,                0.97731,                0.99207,                0.88375,                0.52283,                 0.2352,                0.84906,               0.007822,               0.007822,               0.007822
                    112,                0.70775,                0.39947,                0.96155,                0.98886,                0.97295,                 0.9921,                0.88502,                0.52794,                0.23905,                0.85075,              0.0078022,              0.0078022,              0.0078022
                    113,                0.70166,                0.39502,                0.95953,                0.98852,                0.97676,                0.99281,                0.88579,                0.52627,                0.23741,                0.84993,              0.0077824,              0.0077824,              0.0077824
                    114,                 0.7035,                0.39427,                 0.9629,                0.99022,                0.97209,                0.99253,                0.88771,                 0.5233,                0.23589,                 0.8493,              0.0077626,              0.0077626,              0.0077626
                    115,                 0.7067,                0.39936,                0.96598,                0.98405,                0.97862,                0.99313,                0.88777,                0.52306,                0.23532,                0.85087,              0.0077428,              0.0077428,              0.0077428
                    116,                0.70438,                0.39646,                0.96049,                0.98809,                0.97741,                0.99345,                0.88812,                0.52316,                0.23547,                0.84989,               0.007723,               0.007723,               0.007723
                    117,                0.70437,                 0.3971,                0.96149,                0.98893,                0.97471,                0.99296,                0.89081,                0.51644,                0.23208,                0.84684,              0.0077032,              0.0077032,              0.0077032
                    118,                0.70393,                0.39551,                0.96129,                0.98418,                0.97722,                0.99342,                 0.8892,                0.51803,                0.23418,                 0.8468,              0.0076834,              0.0076834,              0.0076834
                    119,                0.70374,                0.39876,                0.95865,                0.98674,                0.97414,                0.99304,                0.89253,                0.50811,                0.22955,                0.84206,              0.0076636,              0.0076636,              0.0076636
                    120,                0.69927,                0.39215,                0.96168,                0.98523,                0.97775,                0.99287,                0.89197,                0.50986,                 0.2298,                 0.8444,              0.0076438,              0.0076438,              0.0076438
                    121,                0.69374,                0.39034,                0.95489,                0.98898,                0.97849,                0.99341,                0.89286,                0.51015,                0.22842,                0.84422,               0.007624,               0.007624,               0.007624
                    122,                0.69591,                 0.3909,                0.95222,                0.98814,                0.98112,                0.99355,                0.89367,                0.50848,                0.22806,                 0.8424,              0.0076042,              0.0076042,              0.0076042
                    123,                0.70072,                0.38838,                0.95392,                 0.9881,                0.97826,                0.99367,                 0.8931,                0.51094,                0.22877,                0.84259,              0.0075844,              0.0075844,              0.0075844
                    124,                0.69391,                0.38893,                0.95415,                0.98972,                  0.976,                0.99362,                0.89399,                0.50452,                0.22594,                0.84023,              0.0075646,              0.0075646,              0.0075646
                    125,                0.69276,                0.39393,                0.95408,                0.98991,                0.97557,                0.99342,                0.89427,                0.50384,                0.22623,                0.84012,              0.0075448,              0.0075448,              0.0075448
                    126,                 0.6907,                0.38716,                0.95763,                0.98949,                0.97906,                0.99363,                0.89356,                0.50389,                0.22646,                 0.8404,               0.007525,               0.007525,               0.007525
                    127,                 0.6947,                0.38957,                0.95776,                0.98947,                0.97949,                0.99373,                0.89401,                 0.5009,                0.22523,                0.84013,              0.0075052,              0.0075052,              0.0075052
                    128,                0.69074,                0.38797,                0.95149,                0.99168,                0.97818,                 0.9935,                0.89512,                0.50101,                0.22428,                0.83993,              0.0074854,              0.0074854,              0.0074854
                    129,                 0.6883,                0.38728,                0.95758,                0.98898,                0.97933,                0.99373,                0.89624,                0.49682,                0.22366,                0.83915,              0.0074656,              0.0074656,              0.0074656
                    130,                0.69055,                0.38956,                0.95069,                0.98984,                0.97809,                0.99374,                 0.8995,                0.49629,                0.22284,                0.83864,              0.0074458,              0.0074458,              0.0074458
                    131,                0.68434,                0.38322,                0.95012,                0.98983,                0.97949,                0.99391,                 0.8978,                0.49718,                0.22087,                0.83936,               0.007426,               0.007426,               0.007426
                    132,                0.68935,                0.38433,                0.95309,                0.99029,                0.97888,                0.99381,                0.89818,                0.49713,                 0.2224,                0.83923,              0.0074062,              0.0074062,              0.0074062
                    133,                0.68879,                 0.3884,                0.95637,                0.99161,                0.97818,                0.99403,                0.89842,                0.49777,                0.22171,                0.83991,              0.0073864,              0.0073864,              0.0073864
                    134,                0.68875,                 0.3858,                0.95548,                0.99074,                0.98016,                0.99402,                0.89828,                0.49812,                0.22181,                0.84008,              0.0073666,              0.0073666,              0.0073666
                    135,                 0.6869,                 0.3844,                 0.9548,                0.99099,                0.97818,                0.99393,                0.89897,                0.49744,                0.22169,                0.84039,              0.0073468,              0.0073468,              0.0073468
                    136,                0.68676,                0.38181,                0.95697,                0.98651,                0.98211,                0.99388,                0.89972,                0.49315,                 0.2196,                 0.8386,               0.007327,               0.007327,               0.007327
                    137,                0.68925,                 0.3844,                0.95404,                0.99073,                0.97871,                0.99401,                0.90072,                0.49084,                0.21939,                0.83819,              0.0073072,              0.0073072,              0.0073072
                    138,                0.68171,                0.37893,                 0.9503,                0.99074,                0.97992,                0.99407,                0.90051,                0.49228,                0.21926,                0.83823,              0.0072874,              0.0072874,              0.0072874
                    139,                 0.6811,                0.37928,                0.94804,                  0.989,                0.98051,                0.99402,                0.90088,                0.49033,                0.21755,                0.83714,              0.0072676,              0.0072676,              0.0072676
                    140,                0.68396,                 0.3793,                 0.9507,                 0.9903,                0.98018,                  0.994,                0.90068,                0.49319,                0.21761,                0.83815,              0.0072478,              0.0072478,              0.0072478
                    141,                0.68046,                0.38374,                0.95044,                0.99044,                0.98124,                0.99407,                0.90055,                0.48945,                0.21653,                0.83693,               0.007228,               0.007228,               0.007228
                    142,                0.67647,                0.37852,                0.95052,                0.99036,                0.98255,                0.99427,                0.90026,                0.48838,                0.21572,                0.83647,              0.0072082,              0.0072082,              0.0072082
                    143,                0.68108,                0.37755,                0.94644,                0.98963,                0.98342,                0.99433,                0.90131,                0.48559,                0.21514,                0.83529,              0.0071884,              0.0071884,              0.0071884
                    144,                0.67788,                0.37735,                0.94808,                0.98919,                0.98386,                0.99427,                 0.8993,                0.48649,                0.21413,                0.83547,              0.0071686,              0.0071686,              0.0071686
                    145,                0.67506,                0.37672,                0.94912,                0.98904,                 0.9841,                0.99428,                0.89997,                0.48672,                0.21397,                0.83558,              0.0071488,              0.0071488,              0.0071488
                    146,                0.68071,                0.37867,                0.94692,                0.99096,                0.98255,                0.99423,                0.90189,                 0.4858,                0.21383,                0.83558,               0.007129,               0.007129,               0.007129
                    147,                 0.6739,                0.37674,                 0.9457,                0.99187,                0.98211,                0.99424,                0.90259,                0.48243,                0.21323,                0.83438,              0.0071092,              0.0071092,              0.0071092
                    148,                0.67052,                0.37086,                0.94122,                0.99106,                0.98211,                0.99405,                  0.903,                0.48165,                0.21257,                0.83386,              0.0070894,              0.0070894,              0.0070894
                    149,                0.67953,                0.38051,                  0.947,                0.98996,                0.98168,                0.99414,                0.90251,                0.48164,                0.21295,                0.83374,              0.0070696,              0.0070696,              0.0070696
                    150,                0.67663,                0.37345,                0.94703,                0.99096,                0.98386,                0.99427,                0.90362,                 0.4793,                0.21222,                0.83333,              0.0070498,              0.0070498,              0.0070498
                    151,                0.67993,                0.37705,                0.94795,                0.99078,                0.98428,                0.99433,                0.90365,                0.47844,                0.21246,                0.83324,                0.00703,                0.00703,                0.00703
                    152,                 0.6679,                0.37298,                0.94863,                0.99006,                0.98473,                0.99433,                0.90545,                0.47809,                0.21197,                 0.8332,              0.0070102,              0.0070102,              0.0070102
                    153,                0.67969,                0.37982,                0.95173,                0.98908,                0.98429,                0.99422,                0.90568,                0.47671,                0.21177,                0.83289,              0.0069904,              0.0069904,              0.0069904
                    154,                0.67828,                0.37427,                0.94959,                0.98948,                0.98465,                0.99423,                0.90617,                0.47537,                0.21226,                0.83262,              0.0069706,              0.0069706,              0.0069706
                    155,                0.67242,                0.37689,                0.94879,                0.98863,                0.98342,                0.99411,                0.90689,                0.47478,                0.21167,                 0.8325,              0.0069508,              0.0069508,              0.0069508
                    156,                0.66542,                0.37268,                0.94264,                0.98788,                0.98298,                0.99404,                0.90669,                0.47423,                0.21159,                0.83241,               0.006931,               0.006931,               0.006931
                    157,                0.66721,                 0.3714,                0.94688,                 0.9887,                0.98342,                 0.9942,                0.90714,                0.47363,                 0.2114,                0.83214,              0.0069112,              0.0069112,              0.0069112
                    158,                0.67135,                0.37844,                0.94391,                0.98945,                0.98247,                0.99422,                0.90721,                 0.4733,                0.21119,                0.83199,              0.0068914,              0.0068914,              0.0068914
                    159,                 0.6663,                0.36886,                0.94159,                0.98945,                0.98233,                0.99417,                0.90721,                0.47343,                0.21074,                0.83185,              0.0068716,              0.0068716,              0.0068716
                    160,                 0.6721,                0.37334,                0.94024,                0.98946,                0.98308,                0.99421,                0.90876,                0.47171,                0.20942,                0.83115,              0.0068518,              0.0068518,              0.0068518
                    161,                0.66367,                0.36836,                0.94211,                0.99015,                0.98298,                 0.9942,                0.90866,                0.47225,                0.20936,                0.83127,               0.006832,               0.006832,               0.006832
                    162,                0.66638,                0.36763,                0.94211,                0.99062,                0.98342,                0.99427,                0.90776,                0.47191,                0.20944,                0.83093,              0.0068122,              0.0068122,              0.0068122
                    163,                0.66278,                0.36967,                0.93909,                0.99073,                0.98298,                0.99432,                 0.9085,                0.47012,                0.20938,                0.83019,              0.0067924,              0.0067924,              0.0067924
                    164,                0.66109,                0.36865,                0.94074,                0.99124,                0.98298,                0.99431,                0.90734,                0.46978,                0.20939,                0.83028,              0.0067726,              0.0067726,              0.0067726
                    165,                0.66159,                0.36881,                0.94667,                0.99164,                0.98333,                0.99437,                0.90804,                0.46888,                0.20952,                0.82997,              0.0067528,              0.0067528,              0.0067528
                    166,                0.66071,                0.36726,                0.94443,                0.99121,                0.98342,                0.99439,                0.90823,                0.46937,                0.20884,                 0.8303,               0.006733,               0.006733,               0.006733
                    167,                0.65924,                0.36511,                0.94001,                0.99133,                0.98342,                0.99438,                0.90783,                0.46913,                0.20911,                0.83027,              0.0067132,              0.0067132,              0.0067132
                    168,                0.66205,                0.36652,                0.94206,                0.99186,                0.98342,                0.99438,                 0.9085,                0.46816,                0.20874,                0.82984,              0.0066934,              0.0066934,              0.0066934
                    169,                0.65723,                  0.364,                0.93988,                 0.9908,                0.98386,                 0.9944,                0.90871,                0.46782,                0.20897,                0.82975,              0.0066736,              0.0066736,              0.0066736
                    170,                 0.6641,                0.36758,                0.94009,                0.99112,                0.98342,                0.99437,                0.90941,                0.46695,                0.20934,                0.82947,              0.0066538,              0.0066538,              0.0066538
                    171,                0.65292,                0.36628,                0.93909,                0.99121,                0.98374,                0.99438,                0.90883,                0.46654,                0.20888,                 0.8293,               0.006634,               0.006634,               0.006634
                    172,                0.65864,                0.36666,                0.94357,                0.99037,                0.98386,                0.99437,                0.90902,                0.46575,                0.20859,                0.82911,              0.0066142,              0.0066142,              0.0066142
                    173,                0.65492,                0.36537,                   0.94,                0.99074,                0.98386,                 0.9943,                0.90986,                 0.4656,                0.20833,                 0.8291,              0.0065944,              0.0065944,              0.0065944
                    174,                0.65279,                0.36468,                0.94026,                0.99077,                0.98322,                0.99432,                 0.9099,                0.46486,                0.20754,                0.82893,              0.0065746,              0.0065746,              0.0065746
                    175,                0.65718,                0.36314,                0.94143,                0.99132,                0.98342,                0.99432,                0.91098,                0.46405,                0.20749,                0.82874,              0.0065548,              0.0065548,              0.0065548
                    176,                0.65818,                0.36359,                0.94251,                0.99122,                0.98342,                0.99431,                0.91072,                0.46348,                0.20688,                0.82868,               0.006535,               0.006535,               0.006535
                    177,                0.65816,                0.36486,                0.94147,                 0.9912,                0.98316,                0.99436,                0.91158,                 0.4628,                 0.2064,                0.82856,              0.0065152,              0.0065152,              0.0065152
                    178,                0.65459,                 0.3637,                0.94591,                 0.9912,                  0.983,                0.99436,                0.91067,                0.46265,                0.20628,                0.82856,              0.0064954,              0.0064954,              0.0064954
                    179,                0.65429,                0.36075,                0.93948,                0.99207,                0.98269,                0.99437,                0.91125,                0.46222,                0.20617,                0.82854,              0.0064756,              0.0064756,              0.0064756
                    180,                0.65054,                0.35838,                0.93527,                0.99207,                0.98271,                0.99438,                0.91116,                0.46201,                 0.2058,                0.82842,              0.0064558,              0.0064558,              0.0064558
                    181,                0.65098,                 0.3598,                0.93771,                0.99161,                0.98298,                0.99437,                0.91141,                0.46207,                0.20513,                0.82844,               0.006436,               0.006436,               0.006436
                    182,                0.64643,                0.35693,                 0.9358,                0.99164,                 0.9834,                0.99439,                0.91146,                0.46171,                0.20483,                0.82828,              0.0064162,              0.0064162,              0.0064162
                    183,                0.65009,                0.35958,                0.93805,                0.99163,                0.98213,                0.99442,                0.91156,                0.46173,                0.20512,                0.82825,              0.0063964,              0.0063964,              0.0063964
                    184,                0.65408,                0.35973,                0.93655,                 0.9912,                0.98265,                0.99441,                0.91094,                0.46137,                0.20496,                0.82811,              0.0063766,              0.0063766,              0.0063766
                    185,                0.64114,                0.35395,                0.93567,                0.99163,                0.98262,                0.99441,                0.91087,                0.46111,                0.20457,                0.82807,              0.0063568,              0.0063568,              0.0063568
                    186,                0.64704,                0.35828,                0.93586,                0.99156,                0.98255,                0.99442,                0.91148,                0.46076,                 0.2042,                0.82802,               0.006337,               0.006337,               0.006337
                    187,                0.64571,                0.35747,                 0.9372,                0.99108,                0.98255,                0.99444,                0.91324,                0.46016,                0.20365,                0.82793,              0.0063172,              0.0063172,              0.0063172
                    188,                0.64996,                0.35971,                0.93788,                0.99076,                0.98259,                0.99445,                0.91231,                0.45958,                0.20346,                0.82782,              0.0062974,              0.0062974,              0.0062974
                    189,                0.64306,                0.35633,                0.93666,                0.99108,                0.98255,                0.99445,                0.91215,                0.45949,                0.20368,                 0.8279,              0.0062776,              0.0062776,              0.0062776
                    190,                0.64805,                 0.3573,                0.93389,                0.99076,                0.98264,                0.99445,                0.91242,                0.45952,                0.20337,                0.82786,              0.0062578,              0.0062578,              0.0062578
                    191,                 0.6453,                0.35389,                0.93387,                0.98989,                0.98214,                0.99425,                0.91304,                0.45958,                0.20302,                0.82788,               0.006238,               0.006238,               0.006238
                    192,                0.64118,                0.35403,                0.93476,                0.99075,                0.98166,                0.99427,                0.91283,                0.45904,                0.20315,                0.82781,              0.0062182,              0.0062182,              0.0062182
                    193,                0.64389,                0.35717,                0.93446,                0.99077,                0.98307,                0.99428,                0.91322,                 0.4589,                0.20303,                0.82778,              0.0061984,              0.0061984,              0.0061984
                    194,                0.64208,                0.35366,                0.93206,                0.99084,                0.98255,                0.99431,                0.91299,                0.45838,                0.20268,                0.82765,              0.0061786,              0.0061786,              0.0061786
                    195,                0.64269,                0.35139,                 0.9331,                0.99077,                0.98338,                0.99429,                0.91255,                0.45869,                0.20247,                0.82779,              0.0061588,              0.0061588,              0.0061588
                    196,                0.64045,                0.35282,                0.93463,                0.99077,                0.98338,                0.99429,                0.91238,                0.45823,                0.20208,                0.82766,               0.006139,               0.006139,               0.006139
                    197,                0.63846,                0.35324,                0.92967,                0.99077,                0.98339,                0.99428,                0.91269,                0.45774,                0.20185,                0.82756,              0.0061192,              0.0061192,              0.0061192
                    198,                0.64521,                0.35209,                 0.9289,                0.99165,                0.98485,                0.99443,                 0.9134,                0.45807,                0.20189,                0.82762,              0.0060994,              0.0060994,              0.0060994
                    199,                0.64153,                0.35412,                0.93031,                 0.9916,                0.98517,                0.99443,                0.91375,                0.45767,                0.20156,                0.82753,              0.0060796,              0.0060796,              0.0060796
                    200,                0.64157,                0.35122,                0.93581,                0.99148,                0.98473,                0.99443,                0.91261,                0.45759,                0.20178,                0.82757,              0.0060598,              0.0060598,              0.0060598
                    201,                0.63484,                0.35169,                0.93195,                 0.9909,                0.98473,                0.99443,                0.91297,                0.45774,                0.20177,                0.82765,                0.00604,                0.00604,                0.00604
                    202,                0.62946,                0.34763,                0.93208,                0.99122,                0.98493,                0.99442,                0.91289,                0.45729,                0.20161,                0.82754,              0.0060202,              0.0060202,              0.0060202
                    203,                 0.6337,                0.34912,                0.93247,                0.99122,                0.98557,                0.99443,                0.91234,                0.45699,                0.20138,                0.82741,              0.0060004,              0.0060004,              0.0060004
                    204,                0.64132,                0.34954,                0.93378,                0.99122,                0.98516,                0.99443,                0.91261,                0.45658,                 0.2013,                0.82721,              0.0059806,              0.0059806,              0.0059806
                    205,                0.63135,                0.34754,                0.93089,                0.99122,                0.98502,                0.99442,                0.91291,                0.45646,                0.20122,                0.82717,              0.0059608,              0.0059608,              0.0059608
                    206,                0.63947,                 0.3529,                0.93204,                0.99122,                0.98499,                 0.9944,                0.91343,                0.45594,                0.20105,                 0.8269,               0.005941,               0.005941,               0.005941
                    207,                0.63512,                0.35057,                0.92867,                0.99166,                0.98535,                 0.9944,                0.91367,                0.45548,                0.20078,                0.82676,              0.0059212,              0.0059212,              0.0059212
                    208,                0.63151,                0.34825,                0.93161,                0.99123,                0.98576,                0.99443,                0.91346,                0.45552,                0.20084,                0.82688,              0.0059014,              0.0059014,              0.0059014
                    209,                0.63354,                0.35062,                0.93546,                0.99166,                0.98602,                0.99444,                0.91354,                0.45504,                0.20079,                0.82676,              0.0058816,              0.0058816,              0.0058816
                    210,                0.63927,                0.35207,                0.93279,                0.99123,                0.98576,                0.99444,                 0.9134,                0.45475,                0.20083,                0.82677,              0.0058618,              0.0058618,              0.0058618
                    211,                0.62841,                0.34735,                0.93177,                0.99191,                 0.9856,                0.99445,                0.91351,                0.45422,                0.20073,                 0.8265,               0.005842,               0.005842,               0.005842
                    212,                0.63148,                0.34761,                0.93268,                0.99175,                0.98517,                0.99447,                0.91334,                 0.4542,                0.20068,                0.82658,              0.0058222,              0.0058222,              0.0058222
                    213,                0.63266,                0.34905,                0.92992,                0.99182,                0.98517,                0.99447,                0.91334,                0.45383,                0.20048,                0.82644,              0.0058024,              0.0058024,              0.0058024
                    214,                 0.6265,                0.34663,                0.92655,                 0.9919,                0.98517,                 0.9945,                0.91361,                0.45351,                0.20044,                0.82639,              0.0057826,              0.0057826,              0.0057826
                    215,                0.62886,                0.34992,                0.92971,                0.99216,                0.98473,                 0.9945,                0.91407,                0.45328,                0.20069,                0.82632,              0.0057628,              0.0057628,              0.0057628
                    216,                0.62521,                0.34277,                0.92765,                0.99209,                0.98487,                 0.9945,                0.91355,                0.45245,                0.20058,                0.82597,               0.005743,               0.005743,               0.005743
                    217,                0.62123,                0.34392,                0.92408,                0.99209,                0.98477,                 0.9945,                0.91418,                0.45233,                0.20035,                0.82604,              0.0057232,              0.0057232,              0.0057232
                    218,                0.62815,                 0.3457,                 0.9283,                0.99164,                0.98429,                0.99427,                0.91412,                0.45203,                0.20031,                 0.8259,              0.0057034,              0.0057034,              0.0057034
                    219,                0.62844,                0.34447,                0.92673,                0.99209,                0.98441,                0.99427,                0.91442,                0.45162,                0.19975,                0.82566,              0.0056836,              0.0056836,              0.0056836
                    220,                0.62348,                0.34134,                0.92875,                0.99209,                 0.9844,                0.99425,                0.91406,                0.45147,                0.19983,                0.82566,              0.0056638,              0.0056638,              0.0056638
                    221,                0.62795,                0.34419,                0.93173,                0.99209,                0.98502,                0.99449,                0.91463,                0.45137,                0.19966,                0.82569,               0.005644,               0.005644,               0.005644
                    222,                0.62515,                0.34457,                0.92075,                0.99198,                0.98517,                0.99451,                 0.9157,                0.45119,                0.19956,                0.82561,              0.0056242,              0.0056242,              0.0056242
                    223,                0.62779,                0.34613,                0.92552,                0.99049,                0.98691,                0.99451,                0.91467,                0.45079,                0.19941,                0.82535,              0.0056044,              0.0056044,              0.0056044
                    224,                0.62602,                0.34079,                0.92653,                0.98993,                0.98648,                0.99426,                0.91545,                0.45066,                0.19946,                0.82526,              0.0055846,              0.0055846,              0.0055846
                    225,                0.62557,                0.34033,                0.93035,                0.99037,                0.98741,                0.99452,                0.91526,                0.45012,                0.19924,                0.82512,              0.0055648,              0.0055648,              0.0055648
                    226,                0.62599,                0.34127,                0.92657,                0.99038,                0.98848,                0.99451,                0.91551,                0.45031,                0.19959,                0.82513,               0.005545,               0.005545,               0.005545
                    227,                0.62176,                0.34447,                0.92791,                0.99038,                0.98864,                0.99451,                  0.916,                   0.45,                0.19947,                0.82495,              0.0055252,              0.0055252,              0.0055252
                    228,                0.61837,                0.33897,                0.92235,                0.98992,                0.98909,                0.99451,                0.91677,                0.44974,                0.19916,                 0.8248,              0.0055054,              0.0055054,              0.0055054
                    229,                0.61762,                0.33856,                0.92231,                0.98952,                0.98915,                 0.9945,                0.91647,                0.44914,                0.19901,                0.82469,              0.0054856,              0.0054856,              0.0054856
                    230,                 0.6222,                0.34151,                0.92883,                0.98952,                0.98914,                0.99451,                0.91637,                0.44898,                0.19873,                0.82467,              0.0054658,              0.0054658,              0.0054658
                    231,                0.61687,                0.33956,                0.92291,                0.98953,                0.98922,                0.99451,                0.91581,                0.44899,                0.19861,                0.82475,               0.005446,               0.005446,               0.005446
                    232,                0.62262,                0.33975,                0.92581,                0.98938,                0.98909,                0.99452,                0.91584,                 0.4489,                0.19883,                0.82473,              0.0054262,              0.0054262,              0.0054262
                    233,                0.61951,                0.34043,                0.92206,                0.98954,                0.98909,                0.99453,                 0.9159,                0.44903,                0.19903,                 0.8248,              0.0054064,              0.0054064,              0.0054064
                    234,                 0.6169,                 0.3385,                0.92201,                0.98958,                0.98909,                0.99453,                0.91589,                0.44868,                0.19889,                0.82459,              0.0053866,              0.0053866,              0.0053866
                    235,                0.61673,                0.34044,                0.92165,                0.98977,                0.98909,                0.99453,                0.91639,                0.44863,                0.19898,                 0.8246,              0.0053668,              0.0053668,              0.0053668
                    236,                0.61929,                0.34007,                0.92487,                0.98985,                0.98909,                0.99453,                0.91629,                0.44843,                0.19897,                0.82462,               0.005347,               0.005347,               0.005347
                    237,                 0.6178,                0.33926,                 0.9223,                0.99029,                0.98909,                0.99454,                0.91678,                0.44805,                0.19871,                0.82447,              0.0053272,              0.0053272,              0.0053272
                    238,                0.61635,                0.33912,                0.92332,                0.99082,                0.98908,                0.99454,                0.91701,                0.44776,                0.19863,                0.82428,              0.0053074,              0.0053074,              0.0053074
                    239,                 0.6145,                0.33729,                 0.9181,                0.99081,                0.98827,                0.99453,                0.91733,                0.44759,                0.19858,                 0.8242,              0.0052876,              0.0052876,              0.0052876
                    240,                0.61861,                 0.3404,                0.92524,                0.99082,                0.98897,                0.99453,                0.91737,                0.44761,                0.19839,                0.82419,              0.0052678,              0.0052678,              0.0052678
                    241,                0.61208,                0.33543,                0.92209,                0.99077,                0.98909,                0.99454,                0.91762,                 0.4471,                0.19845,                0.82407,               0.005248,               0.005248,               0.005248
                    242,                0.61416,                0.33478,                0.92143,                0.99168,                0.98798,                0.99454,                0.91716,                0.44682,                0.19849,                0.82399,              0.0052282,              0.0052282,              0.0052282
                    243,                0.61019,                0.33584,                0.91984,                0.99168,                 0.9886,                0.99455,                0.91755,                0.44683,                0.19822,                0.82401,              0.0052084,              0.0052084,              0.0052084
                    244,                0.61339,                0.33466,                0.92304,                0.99125,                0.98866,                0.99455,                0.91788,                 0.4463,                0.19817,                0.82387,              0.0051886,              0.0051886,              0.0051886
                    245,                0.61128,                 0.3338,                0.92293,                0.99125,                0.98888,                0.99455,                0.91794,                 0.4462,                0.19803,                0.82388,              0.0051688,              0.0051688,              0.0051688
                    246,                0.60691,                 0.3313,                0.91876,                0.99125,                0.98862,                0.99455,                0.91773,                  0.446,                0.19793,                0.82381,               0.005149,               0.005149,               0.005149
                    247,                0.59805,                0.32397,                0.91767,                0.99125,                0.98884,                0.99457,                0.91772,                0.44609,                0.19823,                0.82389,              0.0051292,              0.0051292,              0.0051292
                    248,                0.61014,                0.33247,                0.92291,                0.99082,                0.98869,                0.99457,                0.91788,                0.44598,                0.19849,                0.82391,              0.0051094,              0.0051094,              0.0051094
                    249,                0.61369,                0.33527,                 0.9204,                0.99082,                0.98887,                0.99456,                0.91739,                0.44578,                 0.1982,                0.82386,              0.0050896,              0.0050896,              0.0050896
                    250,                0.60595,                0.33092,                 0.9186,                0.99058,                0.98866,                0.99457,                0.91746,                0.44571,                0.19831,                0.82384,              0.0050698,              0.0050698,              0.0050698
                    251,                0.60789,                 0.3309,                0.92069,                0.99125,                0.98898,                0.99458,                0.91785,                0.44538,                0.19798,                0.82373,                0.00505,                0.00505,                0.00505
                    252,                0.60619,                0.32959,                 0.9184,                0.99101,                0.98866,                0.99458,                0.91748,                0.44525,                0.19785,                0.82362,              0.0050302,              0.0050302,              0.0050302
                    253,                0.61102,                0.33517,                0.92415,                0.99097,                0.98866,                0.99459,                0.91749,                0.44488,                0.19783,                0.82347,              0.0050104,              0.0050104,              0.0050104
                    254,                0.60649,                0.33067,                0.92204,                0.99082,                0.98876,                0.99459,                0.91788,                0.44468,                0.19787,                0.82346,              0.0049906,              0.0049906,              0.0049906
                    255,                0.60604,                0.32978,                0.91572,                0.99082,                0.98881,                0.99459,                0.91805,                0.44439,                0.19767,                 0.8234,              0.0049708,              0.0049708,              0.0049708
                    256,                0.60522,                0.33056,                0.91944,                0.99082,                0.98881,                0.99459,                0.91871,                0.44432,                0.19786,                0.82335,               0.004951,               0.004951,               0.004951
                    257,                0.60424,                0.33048,                0.91687,                0.99082,                0.98877,                 0.9946,                0.91838,                0.44406,                0.19785,                 0.8233,              0.0049312,              0.0049312,              0.0049312
                    258,                0.60636,                0.33067,                0.92004,                0.99091,                0.98866,                0.99459,                0.91915,                0.44404,                0.19789,                0.82328,              0.0049114,              0.0049114,              0.0049114
                    259,                0.60203,                0.33037,                0.91797,                0.99115,                0.98866,                 0.9946,                0.91907,                0.44385,                0.19795,                0.82321,              0.0048916,              0.0048916,              0.0048916
                    260,                0.59696,                0.32626,                0.91585,                0.98995,                0.98893,                0.99459,                0.91864,                0.44379,                0.19809,                0.82318,              0.0048718,              0.0048718,              0.0048718
                    261,                0.60318,                0.32896,                0.91653,                0.99064,                0.98866,                 0.9946,                0.91877,                0.44394,                0.19796,                0.82327,               0.004852,               0.004852,               0.004852
                    262,                0.60278,                0.32879,                0.91525,                0.98996,                0.98929,                0.99459,                0.91902,                0.44408,                0.19772,                0.82333,              0.0048322,              0.0048322,              0.0048322
                    263,                0.60112,                0.32326,                0.91751,                0.98953,                0.98939,                 0.9946,                0.91923,                0.44402,                0.19803,                0.82337,              0.0048124,              0.0048124,              0.0048124
                    264,                0.60837,                  0.332,                0.91924,                0.98953,                0.98917,                 0.9946,                0.91887,                0.44414,                0.19828,                0.82339,              0.0047926,              0.0047926,              0.0047926
                    265,                0.60193,                0.32951,                0.91978,                0.98996,                0.98961,                 0.9946,                0.91913,                0.44394,                0.19833,                 0.8233,              0.0047728,              0.0047728,              0.0047728
                    266,                0.60263,                0.32529,                0.91723,                0.99034,                0.98953,                 0.9946,                0.91872,                0.44383,                0.19823,                0.82325,               0.004753,               0.004753,               0.004753
                    267,                0.59391,                0.32331,                0.91464,                0.99039,                0.98961,                0.99461,                0.91859,                0.44419,                0.19824,                0.82328,              0.0047332,              0.0047332,              0.0047332
                    268,                0.59085,                0.32096,                0.91191,                 0.9904,                0.98975,                0.99461,                0.91858,                0.44414,                0.19814,                0.82321,              0.0047134,              0.0047134,              0.0047134
                    269,                0.59586,                0.32495,                0.91529,                0.98996,                0.98914,                0.99461,                0.91849,                0.44426,                0.19813,                0.82324,              0.0046936,              0.0046936,              0.0046936
                    270,                0.59638,                0.32302,                0.91273,                0.98996,                0.98901,                0.99461,                0.91842,                0.44438,                0.19804,                0.82326,              0.0046738,              0.0046738,              0.0046738
                    271,                0.59097,                0.31988,                0.91122,                0.99082,                0.98907,                0.99461,                0.91816,                0.44387,                0.19791,                0.82308,               0.004654,               0.004654,               0.004654
                    272,                0.59699,                0.32433,                0.91505,                0.99039,                 0.9892,                0.99461,                0.91818,                0.44411,                  0.198,                0.82315,              0.0046342,              0.0046342,              0.0046342
                    273,                0.58952,                0.32431,                0.91349,                0.99039,                0.98917,                0.99461,                0.91823,                0.44423,                0.19807,                0.82319,              0.0046144,              0.0046144,              0.0046144
                    274,                  0.592,                0.32146,                0.90851,                 0.9909,                0.98866,                0.99461,                0.91826,                0.44428,                 0.1982,                0.82322,              0.0045946,              0.0045946,              0.0045946
                    275,                0.58695,                0.31776,                0.91289,                0.99098,                0.98866,                0.99461,                0.91839,                0.44424,                0.19817,                0.82327,              0.0045748,              0.0045748,              0.0045748
                    276,                0.59221,                0.32348,                0.91603,                0.99039,                0.98887,                 0.9946,                0.91929,                0.44426,                0.19847,                0.82324,               0.004555,               0.004555,               0.004555
                    277,                0.58926,                0.31906,                0.91041,                0.99009,                0.98909,                 0.9946,                0.91902,                0.44355,                 0.1982,                0.82302,              0.0045352,              0.0045352,              0.0045352
                    278,                0.58813,                0.31953,                0.91508,                0.98967,                0.98953,                0.99461,                0.91958,                0.44341,                 0.1982,                 0.8229,              0.0045154,              0.0045154,              0.0045154
                    279,                0.59277,                0.32257,                0.91728,                0.99028,                0.98909,                0.99461,                0.91976,                0.44314,                0.19814,                0.82283,              0.0044956,              0.0044956,              0.0044956
                    280,                 0.5881,                0.32281,                0.91307,                 0.9905,                0.98909,                0.99461,                0.91978,                0.44273,                0.19803,                0.82271,              0.0044758,              0.0044758,              0.0044758
                    281,                 0.5906,                0.32058,                0.91363,                0.99116,                0.98909,                0.99461,                0.91976,                0.44223,                0.19782,                0.82252,               0.004456,               0.004456,               0.004456
                    282,                0.58585,                0.31769,                0.90949,                0.99064,                0.98909,                0.99461,                 0.9197,                0.44211,                0.19757,                0.82248,              0.0044362,              0.0044362,              0.0044362
                    283,                0.58345,                0.31613,                0.91009,                0.99047,                0.98909,                0.99462,                0.91993,                0.44197,                0.19763,                0.82243,              0.0044164,              0.0044164,              0.0044164
                    284,                0.58086,                0.31818,                0.90538,                0.99034,                0.98909,                0.99462,                 0.9192,                0.44172,                0.19746,                0.82231,              0.0043966,              0.0043966,              0.0043966
                    285,                0.58717,                0.31943,                0.91271,                0.99118,                0.98909,                0.99463,                0.91991,                0.44136,                0.19752,                0.82216,              0.0043768,              0.0043768,              0.0043768
                    286,                0.57812,                0.31585,                0.90969,                0.99059,                0.98909,                0.99463,                0.91908,                0.44145,                0.19746,                0.82215,               0.004357,               0.004357,               0.004357
                    287,                0.58958,                 0.3203,                 0.9123,                0.99109,                0.98909,                0.99464,                0.91909,                0.44097,                0.19731,                  0.822,              0.0043372,              0.0043372,              0.0043372
                    288,                0.58013,                 0.3133,                0.90977,                0.99126,                0.98937,                0.99465,                0.91931,                0.44083,                0.19709,                0.82192,              0.0043174,              0.0043174,              0.0043174
                    289,                 0.5806,                0.31472,                0.90988,                0.99117,                0.98953,                0.99465,                0.91932,                0.44057,                0.19728,                0.82182,              0.0042976,              0.0042976,              0.0042976
                    290,                0.58348,                0.31826,                0.90793,                0.99077,                0.98953,                0.99464,                0.91962,                0.44013,                0.19705,                0.82167,              0.0042778,              0.0042778,              0.0042778
                    291,                 0.5779,                0.31332,                0.90492,                0.99164,                0.98953,                0.99465,                0.92044,                0.43971,                0.19676,                0.82153,               0.004258,               0.004258,               0.004258
                    292,                0.58216,                0.31351,                0.90603,                0.99161,                0.98909,                0.99464,                0.92038,                0.43941,                0.19702,                 0.8214,              0.0042382,              0.0042382,              0.0042382
                    293,                 0.5821,                0.31623,                0.91115,                0.99147,                0.98909,                0.99465,                0.92042,                0.43913,                0.19716,                0.82127,              0.0042184,              0.0042184,              0.0042184
                    294,                0.57695,                0.31288,                0.90864,                0.99125,                 0.9891,                0.99465,                0.92018,                0.43942,                0.19727,                 0.8213,              0.0041986,              0.0041986,              0.0041986
                    295,                0.58224,                0.31541,                0.91121,                0.99142,                0.98909,                0.99465,                0.92042,                0.43923,                0.19704,                0.82121,              0.0041788,              0.0041788,              0.0041788
                    296,                 0.5791,                0.31516,                0.90902,                0.99145,                0.98909,                0.99465,                0.92078,                0.43874,                0.19694,                0.82106,               0.004159,               0.004159,               0.004159
                    297,                0.57764,                0.31382,                0.90612,                0.99159,                0.98909,                0.99466,                0.92085,                0.43815,                0.19682,                0.82082,              0.0041392,              0.0041392,              0.0041392
                    298,                0.57277,                0.31012,                0.90635,                0.99139,                0.98909,                0.99466,                0.92084,                 0.4378,                0.19687,                 0.8207,              0.0041194,              0.0041194,              0.0041194
                    299,                0.57821,                0.31236,                0.90805,                0.99126,                0.98919,                0.99467,                0.92102,                0.43735,                0.19657,                0.82056,              0.0040996,              0.0040996,              0.0040996
                    300,                0.57834,                0.31359,                 0.9094,                0.99147,                0.98909,                0.99467,                0.92088,                0.43706,                0.19644,                0.82047,              0.0040798,              0.0040798,              0.0040798
                    301,                0.57087,                0.30936,                0.90601,                0.99126,                0.98914,                0.99467,                0.92084,                 0.4369,                0.19634,                0.82042,                0.00406,                0.00406,                0.00406
                    302,                0.56914,                0.30736,                0.90382,                0.99131,                0.98909,                0.99467,                0.92038,                0.43669,                0.19615,                0.82039,              0.0040402,              0.0040402,              0.0040402
                    303,                0.57506,                 0.3119,                0.90685,                0.99126,                0.98928,                0.99467,                0.92113,                0.43663,                0.19609,                0.82035,              0.0040204,              0.0040204,              0.0040204
                    304,                 0.5776,                0.31331,                0.90463,                0.99163,                0.98909,                0.99468,                0.92112,                0.43622,                0.19595,                 0.8202,              0.0040006,              0.0040006,              0.0040006
                    305,                0.57115,                0.30935,                0.90462,                0.99169,                0.98882,                0.99467,                 0.9214,                 0.4359,                0.19592,                 0.8201,              0.0039808,              0.0039808,              0.0039808
                    306,                0.57405,                0.30706,                0.90462,                0.99212,                  0.989,                0.99468,                0.92164,                0.43551,                0.19565,                0.81995,               0.003961,               0.003961,               0.003961
                    307,                0.56466,                0.30628,                0.90027,                0.99211,                0.98909,                0.99468,                0.92149,                0.43549,                0.19535,                0.81987,              0.0039412,              0.0039412,              0.0039412
                    308,                0.57271,                0.31019,                0.90346,                0.99212,                0.98892,                0.99468,                0.92124,                0.43511,                0.19515,                0.81974,              0.0039214,              0.0039214,              0.0039214
                    309,                0.56545,                0.30633,                0.90442,                0.99212,                0.98888,                0.99468,                0.92133,                0.43501,                0.19532,                0.81973,              0.0039016,              0.0039016,              0.0039016
                    310,                 0.5768,                0.31134,                0.90286,                0.99212,                0.98867,                0.99469,                0.92156,                 0.4348,                 0.1954,                0.81964,              0.0038818,              0.0038818,              0.0038818
                    311,                0.57032,                0.30765,                0.90316,                0.99256,                0.98901,                 0.9947,                0.92105,                0.43446,                0.19546,                0.81949,               0.003862,               0.003862,               0.003862
                    312,                0.56724,                0.30822,                0.90442,                0.99256,                0.98894,                0.99469,                0.92131,                0.43434,                0.19553,                0.81943,              0.0038422,              0.0038422,              0.0038422
                    313,                 0.5678,                0.30837,                0.90368,                0.99256,                0.98896,                0.99469,                0.92133,                0.43399,                0.19537,                0.81934,              0.0038224,              0.0038224,              0.0038224
                    314,                0.56454,                0.30469,                0.90158,                0.99256,                0.98897,                0.99469,                0.92119,                0.43392,                0.19529,                0.81928,              0.0038026,              0.0038026,              0.0038026
                    315,                0.56131,                0.30035,                0.90213,                0.99256,                0.98894,                0.99469,                0.92097,                0.43362,                0.19516,                0.81918,              0.0037828,              0.0037828,              0.0037828
                    316,                0.56849,                0.30765,                0.90174,                0.99256,                0.98928,                 0.9947,                0.92073,                0.43356,                0.19505,                0.81915,               0.003763,               0.003763,               0.003763
                    317,                0.56572,                 0.3033,                0.90272,                0.99256,                0.98929,                0.99471,                0.92216,                0.43302,                0.19487,                0.81897,              0.0037432,              0.0037432,              0.0037432
                    318,                0.56143,                0.30258,                0.90364,                0.99256,                0.98925,                0.99471,                0.92203,                0.43291,                0.19469,                0.81895,              0.0037234,              0.0037234,              0.0037234
                    319,                0.55616,                0.30189,                0.90335,                0.99256,                0.98938,                0.99471,                0.92233,                0.43294,                0.19468,                0.81903,              0.0037036,              0.0037036,              0.0037036
                    320,                0.56524,                0.30727,                0.90425,                0.99256,                0.98955,                0.99471,                0.92236,                0.43271,                 0.1946,                0.81893,              0.0036838,              0.0036838,              0.0036838
                    321,                0.55928,                0.30125,                0.90084,                0.99256,                0.98948,                0.99471,                0.92255,                0.43256,                0.19441,                0.81885,               0.003664,               0.003664,               0.003664
                    322,                 0.5601,                0.30331,                0.90248,                0.99299,                0.98934,                0.99471,                 0.9231,                0.43243,                0.19425,                 0.8188,              0.0036442,              0.0036442,              0.0036442
                    323,                0.56326,                0.30421,                0.90199,                0.99256,                0.98914,                0.99471,                0.92255,                0.43221,                0.19412,                0.81868,              0.0036244,              0.0036244,              0.0036244
                    324,                0.56103,                0.30367,                0.90432,                0.99242,                0.98909,                0.99471,                 0.9235,                0.43207,                0.19421,                0.81858,              0.0036046,              0.0036046,              0.0036046
                    325,                0.55724,                0.30249,                0.89962,                0.99258,                0.98909,                0.99471,                0.92343,                0.43164,                0.19411,                0.81848,              0.0035848,              0.0035848,              0.0035848
                    326,                0.55656,                0.29999,                0.89991,                0.99306,                0.98909,                0.99472,                0.92372,                0.43139,                0.19398,                0.81845,               0.003565,               0.003565,               0.003565
                    327,                0.55419,                0.29762,                0.89885,                0.99343,                0.98945,                0.99472,                0.92364,                0.43125,                0.19377,                0.81844,              0.0035452,              0.0035452,              0.0035452
                    328,                0.55964,                0.30143,                0.90222,                0.99307,                0.98909,                0.99472,                 0.9236,                0.43108,                0.19374,                 0.8184,              0.0035254,              0.0035254,              0.0035254
                    329,                0.55307,                0.29884,                0.89972,                0.99343,                0.98948,                0.99473,                0.92339,                0.43109,                0.19375,                0.81846,              0.0035056,              0.0035056,              0.0035056
                    330,                0.55886,                0.29868,                0.90508,                  0.993,                 0.9898,                0.99473,                0.92416,                0.43068,                0.19389,                0.81828,              0.0034858,              0.0034858,              0.0034858
                    331,                0.55321,                0.29705,                0.90055,                0.99343,                0.98977,                0.99474,                0.92417,                 0.4305,                0.19416,                0.81824,               0.003466,               0.003466,               0.003466
                    332,                0.55976,                0.30175,                0.90275,                0.99343,                0.98961,                0.99474,                0.92404,                0.43052,                0.19413,                0.81825,              0.0034462,              0.0034462,              0.0034462
                    333,                0.55529,                0.30048,                0.90188,                0.99343,                0.98962,                0.99474,                0.92431,                0.43021,                0.19408,                0.81811,              0.0034264,              0.0034264,              0.0034264
                    334,                0.55684,                 0.2987,                0.90107,                0.99343,                0.98946,                0.99474,                 0.9242,                   0.43,                0.19398,                0.81803,              0.0034066,              0.0034066,              0.0034066
                    335,                0.55403,                0.29672,                0.89972,                0.99343,                0.98957,                0.99474,                 0.9242,                 0.4298,                0.19386,                0.81798,              0.0033868,              0.0033868,              0.0033868
                    336,                0.54612,                0.29298,                0.89444,                0.99343,                0.98988,                0.99475,                0.92419,                0.42986,                0.19384,                0.81801,               0.003367,               0.003367,               0.003367
                    337,                 0.5487,                0.29512,                0.89621,                0.99336,                0.98997,                0.99474,                0.92425,                 0.4299,                0.19383,                  0.818,              0.0033472,              0.0033472,              0.0033472
                    338,                0.55471,                0.29665,                0.90017,                0.99342,                0.98997,                0.99474,                0.92432,                0.42979,                0.19359,                0.81797,              0.0033274,              0.0033274,              0.0033274
                    339,                0.55351,                0.29843,                0.90018,                0.99343,                0.98989,                0.99474,                0.92447,                 0.4298,                0.19397,                0.81797,              0.0033076,              0.0033076,              0.0033076
                    340,                0.54836,                0.29505,                0.89977,                  0.993,                0.98989,                0.99473,                0.92382,                0.42972,                0.19375,                0.81797,              0.0032878,              0.0032878,              0.0032878
                    341,                0.54621,                0.29535,                 0.8978,                0.99233,                0.98997,                0.99473,                0.92381,                0.42947,                0.19381,                0.81789,               0.003268,               0.003268,               0.003268
                    342,                0.54126,                0.28865,                 0.8956,                0.99218,                0.98997,                0.99474,                0.92386,                0.42927,                0.19367,                 0.8178,              0.0032482,              0.0032482,              0.0032482
                    343,                0.55262,                0.29803,                0.89862,                0.99127,                0.99041,                0.99472,                0.92398,                0.42944,                0.19388,                0.81785,              0.0032284,              0.0032284,              0.0032284
                    344,                0.55118,                 0.2963,                0.89737,                0.99127,                0.99045,                0.99473,                0.92406,                0.42945,                 0.1938,                0.81783,              0.0032086,              0.0032086,              0.0032086
                    345,                0.54584,                0.29346,                0.89797,                0.99127,                0.99048,                0.99473,                0.92444,                0.42927,                0.19377,                0.81779,              0.0031888,              0.0031888,              0.0031888
                    346,                0.54923,                0.29662,                 0.8971,                0.99263,                0.98997,                0.99473,                0.92463,                0.42913,                0.19375,                0.81774,               0.003169,               0.003169,               0.003169
                    347,                0.54588,                0.29428,                0.89574,                0.99268,                0.98997,                0.99474,                0.92446,                0.42912,                0.19353,                0.81779,              0.0031492,              0.0031492,              0.0031492
                    348,                0.54405,                0.29262,                0.89728,                 0.9929,                0.98997,                0.99473,                0.92414,                0.42908,                0.19345,                0.81769,              0.0031294,              0.0031294,              0.0031294
                    349,                0.54011,                0.28959,                0.89731,                0.99306,                0.98997,                0.99473,                0.92479,                0.42854,                 0.1933,                0.81749,              0.0031096,              0.0031096,              0.0031096
                    350,                0.54395,                0.29166,                0.89901,                0.99313,                0.98997,                0.99473,                0.92433,                0.42833,                0.19341,                0.81742,              0.0030898,              0.0030898,              0.0030898
                    351,                 0.5444,                0.29247,                0.89641,                0.99225,                0.98997,                0.99474,                0.92486,                0.42808,                0.19305,                0.81734,                0.00307,                0.00307,                0.00307
                    352,                 0.5389,                0.29018,                0.89251,                0.99266,                0.98997,                0.99474,                0.92432,                0.42777,                0.19277,                 0.8172,              0.0030502,              0.0030502,              0.0030502
                    353,                0.54115,                0.29195,                0.89329,                0.99269,                0.98997,                0.99474,                0.92446,                0.42767,                0.19258,                0.81721,              0.0030304,              0.0030304,              0.0030304
                    354,                0.53867,                0.28942,                0.89386,                0.99262,                0.98997,                0.99473,                 0.9249,                0.42764,                0.19239,                0.81722,              0.0030106,              0.0030106,              0.0030106
                    355,                0.53731,                0.28952,                0.89592,                0.99317,                0.98997,                0.99474,                 0.9245,                0.42675,                0.19221,                0.81696,              0.0029908,              0.0029908,              0.0029908
                    356,                0.53635,                0.29059,                0.89538,                0.99328,                0.98997,                0.99475,                0.92448,                0.42635,                0.19217,                0.81681,               0.002971,               0.002971,               0.002971
                    357,                0.53987,                0.29298,                0.89814,                0.99257,                0.99019,                0.99474,                0.92416,                0.42676,                0.19174,                0.81694,              0.0029512,              0.0029512,              0.0029512
                    358,                0.53944,                0.28851,                 0.8955,                0.99314,                0.98997,                0.99474,                0.92435,                0.42644,                0.19157,                0.81684,              0.0029314,              0.0029314,              0.0029314
                    359,                0.53813,                 0.2889,                0.89236,                0.99276,                0.98997,                0.99474,                0.92421,                0.42642,                0.19155,                0.81687,              0.0029116,              0.0029116,              0.0029116
                    360,                0.53526,                0.28715,                0.89267,                0.99263,                0.98997,                 0.9947,                 0.9243,                0.42585,                0.19149,                0.81661,              0.0028918,              0.0028918,              0.0028918
                    361,                0.53726,                0.28829,                0.89426,                0.99335,                0.98997,                0.99471,                0.92445,                0.42539,                0.19144,                0.81645,               0.002872,               0.002872,               0.002872
                    362,                0.53157,                0.28432,                0.89121,                0.99343,                 0.9895,                0.99472,                0.92449,                 0.4251,                0.19139,                0.81636,              0.0028522,              0.0028522,              0.0028522
                    363,                 0.5312,                0.28502,                0.89212,                0.99256,                0.98958,                0.99471,                 0.9239,                0.42546,                0.19146,                0.81651,              0.0028324,              0.0028324,              0.0028324
                    364,                  0.532,                0.28674,                 0.8894,                0.99256,                0.98958,                0.99471,                0.92394,                0.42614,                0.19153,                0.81667,              0.0028126,              0.0028126,              0.0028126
                    365,                0.53349,                0.28242,                0.89279,                0.99256,                0.98949,                0.99471,                0.92367,                0.42649,                0.19154,                0.81675,              0.0027928,              0.0027928,              0.0027928
                    366,                0.53354,                0.28713,                0.89216,                0.99256,                0.98924,                0.99471,                0.92391,                0.42616,                0.19144,                0.81668,               0.002773,               0.002773,               0.002773
                    367,                0.53211,                0.28499,                 0.8925,                0.99299,                0.98921,                0.99472,                0.92359,                0.42629,                0.19139,                0.81672,              0.0027532,              0.0027532,              0.0027532
                    368,                0.53132,                0.28372,                0.89439,                0.99299,                0.98923,                0.99472,                0.92393,                0.42667,                0.19136,                0.81679,              0.0027334,              0.0027334,              0.0027334
                    369,                0.52625,                0.28165,                0.88676,                0.99284,                0.98909,                0.99472,                0.92412,                0.42686,                 0.1915,                0.81684,              0.0027136,              0.0027136,              0.0027136
                    370,                0.53185,                 0.2848,                0.88878,                0.99279,                0.98909,                0.99471,                0.92393,                 0.4272,                0.19165,                0.81688,              0.0026938,              0.0026938,              0.0026938
                    371,                 0.5264,                0.28061,                 0.8893,                0.99275,                0.98909,                 0.9947,                0.92316,                0.42796,                0.19181,                0.81693,               0.002674,               0.002674,               0.002674
                    372,                0.52669,                0.28274,                 0.8872,                0.99402,                0.98778,                 0.9947,                0.92401,                0.42813,                0.19195,                0.81691,              0.0026542,              0.0026542,              0.0026542
                    373,                0.52314,                0.28074,                0.88797,                0.99321,                0.98909,                0.99471,                0.92477,                 0.4282,                0.19205,                0.81696,              0.0026344,              0.0026344,              0.0026344
                    374,                0.52718,                0.28301,                0.89129,                0.99346,                0.98822,                 0.9947,                0.92439,                0.42876,                0.19227,                0.81708,              0.0026146,              0.0026146,              0.0026146
                    375,                0.52312,                0.28006,                 0.8886,                0.99332,                0.98866,                 0.9947,                0.92455,                0.42877,                 0.1923,                0.81714,              0.0025948,              0.0025948,              0.0025948
                    376,                0.52463,                0.28155,                0.88768,                0.99341,                0.98866,                 0.9947,                0.92398,                0.42957,                0.19214,                0.81726,               0.002575,               0.002575,               0.002575
                    377,                 0.5195,                0.27777,                0.88361,                0.99333,                0.98866,                0.99469,                0.92369,                0.43002,                0.19234,                0.81732,              0.0025552,              0.0025552,              0.0025552
                    378,                0.51948,                0.28064,                0.88645,                0.99385,                0.98749,                0.99468,                0.92382,                0.43063,                0.19233,                0.81746,              0.0025354,              0.0025354,              0.0025354
                    379,                0.52391,                0.28034,                0.89171,                0.99385,                0.98757,                0.99468,                0.92398,                0.43079,                0.19263,                0.81743,              0.0025156,              0.0025156,              0.0025156
                    380,                0.52012,                0.27796,                0.88687,                0.99429,                0.98761,                0.99473,                 0.9237,                0.43113,                0.19262,                0.81751,              0.0024958,              0.0024958,              0.0024958
                    381,                0.52531,                0.28005,                0.88955,                0.99429,                0.98755,                0.99473,                0.92355,                0.43127,                0.19248,                0.81754,               0.002476,               0.002476,               0.002476
                    382,                0.51449,                0.27401,                0.88803,                0.99418,                0.98866,                0.99473,                0.92337,                0.43109,                0.19218,                0.81755,              0.0024562,              0.0024562,              0.0024562
                    383,                0.51823,                0.27725,                0.88699,                0.99375,                0.98866,                0.99468,                0.92283,                0.43072,                0.19192,                0.81746,              0.0024364,              0.0024364,              0.0024364
                    384,                 0.5184,                0.27587,                0.88559,                0.99386,                0.98894,                0.99469,                0.92295,                0.43056,                0.19179,                0.81733,              0.0024166,              0.0024166,              0.0024166
                    385,                0.51713,                0.27462,                0.88681,                 0.9943,                0.98862,                0.99473,                0.92274,                0.43156,                0.19216,                 0.8176,              0.0023968,              0.0023968,              0.0023968
                    386,                0.51476,                0.27732,                0.88262,                 0.9943,                0.98885,                0.99473,                0.92301,                0.43084,                0.19206,                0.81736,               0.002377,               0.002377,               0.002377
                    387,                0.51486,                0.27525,                0.88292,                 0.9943,                0.98884,                0.99473,                0.92291,                0.43139,                0.19215,                0.81745,              0.0023572,              0.0023572,              0.0023572
                    388,                0.51167,                0.27627,                0.88661,                 0.9943,                0.98859,                0.99473,                0.92293,                 0.4321,                0.19191,                0.81749,              0.0023374,              0.0023374,              0.0023374
                    389,                 0.5142,                 0.2769,                0.88682,                 0.9943,                0.98877,                0.99472,                0.92217,                0.43371,                0.19254,                 0.8179,              0.0023176,              0.0023176,              0.0023176
                    390,                0.51348,                0.27208,                0.88343,                 0.9943,                0.98879,                0.99471,                 0.9223,                0.43441,                0.19242,                0.81803,              0.0022978,              0.0022978,              0.0022978
                    391,                0.51069,                0.27162,                0.88427,                 0.9943,                0.98872,                0.99472,                0.92247,                0.43357,                0.19219,                0.81775,               0.002278,               0.002278,               0.002278
                    392,                0.51599,                0.27444,                  0.886,                 0.9943,                0.98879,                0.99472,                0.92273,                0.43371,                0.19215,                0.81774,              0.0022582,              0.0022582,              0.0022582
                    393,                0.51284,                0.27217,                0.88461,                0.99429,                0.98844,                0.99472,                0.92219,                0.43356,                0.19199,                0.81764,              0.0022384,              0.0022384,              0.0022384
                    394,                0.51352,                0.27513,                0.88519,                0.99473,                 0.9884,                0.99472,                0.92261,                0.43383,                0.19209,                0.81763,              0.0022186,              0.0022186,              0.0022186
                    395,                0.50897,                0.27062,                0.88373,                0.99473,                0.98824,                0.99472,                0.92234,                0.43506,                0.19262,                0.81792,              0.0021988,              0.0021988,              0.0021988
                    396,                0.50135,                0.26668,                0.88164,                0.99429,                0.98851,                0.99471,                0.92192,                0.43698,                0.19372,                0.81838,               0.002179,               0.002179,               0.002179
                    397,                0.50802,                 0.2687,                 0.8864,                0.99403,                0.98822,                0.99471,                0.92178,                0.43758,                0.19389,                 0.8185,              0.0021592,              0.0021592,              0.0021592
                    398,                0.50779,                0.27176,                0.88297,                0.99386,                0.98825,                0.99471,                0.92129,                0.43907,                0.19466,                0.81888,              0.0021394,              0.0021394,              0.0021394
                    399,                0.50698,                0.27029,                0.88542,                0.99392,                0.98822,                 0.9947,                 0.9212,                0.44017,                 0.1949,                0.81915,              0.0021196,              0.0021196,              0.0021196
                    400,                0.50425,                0.26713,                0.88175,                0.99384,                0.98822,                0.99471,                0.92098,                0.44034,                0.19502,                0.81929,              0.0020998,              0.0020998,              0.0020998
                    401,                0.49971,                0.26618,                 0.8823,                0.99394,                0.98822,                0.99471,                0.92136,                 0.4392,                0.19477,                  0.819,                0.00208,                0.00208,                0.00208
                    402,                0.50412,                0.26931,                0.88615,                  0.994,                0.98822,                 0.9947,                 0.9222,                0.43827,                 0.1943,                0.81882,              0.0020602,              0.0020602,              0.0020602
                    403,                0.49613,                0.26501,                0.87842,                0.99473,                0.98822,                0.99471,                0.92266,                0.43613,                0.19321,                 0.8182,              0.0020404,              0.0020404,              0.0020404
                    404,                0.50354,                0.26777,                0.88265,                0.99471,                0.98822,                0.99472,                0.92317,                0.43511,                0.19279,                0.81798,              0.0020206,              0.0020206,              0.0020206
                    405,                0.50148,                0.26919,                0.88046,                0.99469,                0.98822,                0.99472,                 0.9232,                0.43498,                0.19285,                0.81792,              0.0020008,              0.0020008,              0.0020008
                    406,                0.49916,                0.26468,                0.88141,                0.99473,                 0.9881,                0.99471,                0.92376,                0.43587,                0.19313,                0.81816,               0.001981,               0.001981,               0.001981
                    407,                0.49528,                0.26341,                0.87735,                0.99473,                0.98798,                0.99471,                0.92333,                0.43691,                 0.1933,                0.81847,              0.0019612,              0.0019612,              0.0019612
                    408,                0.50168,                0.26543,                0.88064,                0.99395,                0.98778,                0.99471,                0.92295,                0.43797,                0.19387,                 0.8188,              0.0019414,              0.0019414,              0.0019414
                    409,                 0.4932,                0.26306,                0.87855,                0.99396,                0.98778,                0.99471,                0.92269,                  0.438,                 0.1937,                 0.8188,              0.0019216,              0.0019216,              0.0019216
                    410,                 0.4897,                0.26278,                0.87799,                0.99405,                0.98778,                0.99471,                0.92266,                0.43791,                0.19383,                0.81888,              0.0019018,              0.0019018,              0.0019018
                    411,                0.49441,                0.26327,                0.88123,                0.99421,                0.98778,                0.99471,                0.92264,                0.43757,                0.19353,                 0.8188,               0.001882,               0.001882,               0.001882
                    412,                0.49813,                0.26549,                0.88317,                0.99429,                0.98771,                0.99471,                 0.9232,                0.43699,                0.19376,                0.81864,              0.0018622,              0.0018622,              0.0018622
                    413,                0.49654,                0.26395,                0.88062,                0.99473,                0.98739,                0.99473,                0.92326,                0.43607,                  0.193,                0.81839,              0.0018424,              0.0018424,              0.0018424
                    414,                0.49047,                0.26101,                0.87755,                0.99472,                0.98715,                0.99472,                0.92342,                0.43685,                0.19346,                0.81855,              0.0018226,              0.0018226,              0.0018226
                    415,                0.49282,                0.26214,                0.87804,                0.99472,                0.98711,                0.99471,                0.92325,                0.43757,                0.19387,                0.81869,              0.0018028,              0.0018028,              0.0018028
                    416,                  0.492,                0.26166,                0.87528,                0.99472,                0.98693,                0.99471,                0.92334,                0.43869,                0.19421,                0.81896,               0.001783,               0.001783,               0.001783
                    417,                0.48796,                 0.2597,                0.87674,                0.99472,                 0.9871,                0.99471,                0.92322,                0.43808,                0.19404,                 0.8187,              0.0017632,              0.0017632,              0.0017632
                    418,                0.49188,                0.26214,                0.87897,                0.99472,                0.98677,                 0.9947,                0.92247,                0.43974,                0.19489,                0.81923,              0.0017434,              0.0017434,              0.0017434
                    419,                0.48895,                0.25822,                0.87621,                0.99385,                0.98715,                0.99469,                0.92265,                 0.4405,                0.19555,                0.81939,              0.0017236,              0.0017236,              0.0017236
                    420,                0.48613,                0.25853,                0.87511,                0.99373,                0.98691,                0.99469,                0.92222,                0.44075,                0.19554,                0.81956,              0.0017038,              0.0017038,              0.0017038
                    421,                0.48834,                0.25765,                0.87779,                0.99455,                0.98647,                0.99469,                 0.9224,                0.44034,                0.19546,                0.81941,               0.001684,               0.001684,               0.001684
                    422,                0.48858,                 0.2598,                0.87661,                0.99463,                0.98647,                0.99469,                0.92304,                0.44016,                0.19569,                0.81936,              0.0016642,              0.0016642,              0.0016642
                    423,                0.48115,                0.25514,                0.87685,                0.99464,                0.98647,                0.99468,                0.92273,                0.44015,                0.19577,                 0.8193,              0.0016444,              0.0016444,              0.0016444
                    424,                0.48417,                0.25628,                0.87547,                0.99511,                0.98647,                0.99469,                0.92353,                0.43899,                0.19557,                0.81899,              0.0016246,              0.0016246,              0.0016246
                    425,                0.48857,                0.25908,                0.87971,                0.99467,                0.98647,                0.99469,                0.92302,                0.43977,                0.19601,                0.81918,              0.0016048,              0.0016048,              0.0016048
                    426,                0.48354,                0.25539,                0.87625,                0.99513,                0.98647,                0.99469,                 0.9236,                0.43939,                0.19602,                0.81911,               0.001585,               0.001585,               0.001585
                    427,                0.48437,                0.25521,                0.87903,                0.99513,                0.98647,                 0.9947,                 0.9235,                0.43823,                0.19578,                0.81874,              0.0015652,              0.0015652,              0.0015652
                    428,                0.48075,                0.25692,                0.87316,                0.99567,                0.98647,                0.99469,                0.92299,                0.43888,                0.19586,                0.81898,              0.0015454,              0.0015454,              0.0015454
                    429,                0.47699,                 0.2516,                0.87502,                0.99525,                0.98647,                0.99468,                 0.9225,                0.44081,                0.19653,                0.81947,              0.0015256,              0.0015256,              0.0015256
                    430,                0.47816,                0.25252,                0.87387,                0.99472,                0.98628,                0.99466,                0.92236,                0.44145,                0.19715,                0.81972,              0.0015058,              0.0015058,              0.0015058
                    431,                0.47351,                0.25064,                0.87195,                0.99437,                0.98604,                0.99459,                0.92253,                0.44183,                0.19728,                0.81976,               0.001486,               0.001486,               0.001486
                    432,                0.47012,                0.24866,                0.87277,                0.99428,                0.98622,                0.99458,                0.92206,                0.44312,                0.19751,                 0.8202,              0.0014662,              0.0014662,              0.0014662
                    433,                0.47235,                0.24796,                0.87227,                0.99388,                0.98604,                0.99458,                0.92053,                0.44618,                0.19846,                 0.8211,              0.0014464,              0.0014464,              0.0014464
                    434,                0.47696,                0.25196,                0.87187,                 0.9934,                0.98604,                0.99458,                0.91951,                0.44807,                0.19924,                0.82151,              0.0014266,              0.0014266,              0.0014266
                    435,                0.47399,                0.24761,                0.87322,                0.99366,                0.98517,                0.99457,                0.92023,                0.44863,                0.19953,                0.82169,              0.0014068,              0.0014068,              0.0014068
                    436,                0.46939,                 0.2496,                0.87278,                0.99371,                0.98473,                0.99451,                0.91949,                 0.4491,                0.19997,                 0.8218,               0.001387,               0.001387,               0.001387
                    437,                0.47079,                 0.2481,                0.87225,                0.99358,                0.98473,                 0.9945,                0.91917,                0.45099,                0.20095,                0.82237,              0.0013672,              0.0013672,              0.0013672
                    438,                0.47146,                 0.2481,                0.87211,                0.99346,                0.98429,                0.99453,                0.91854,                0.45287,                0.20187,                0.82289,              0.0013474,              0.0013474,              0.0013474
                    439,                0.46904,                0.24604,                0.86879,                0.99383,                0.98456,                0.99451,                0.91907,                0.45193,                0.20142,                0.82254,              0.0013276,              0.0013276,              0.0013276
                    440,                 0.4658,                0.24549,                0.86978,                0.99382,                0.98429,                 0.9945,                0.91918,                0.45123,                0.20122,                0.82231,              0.0013078,              0.0013078,              0.0013078
                    441,                0.47091,                0.24893,                 0.8702,                 0.9934,                0.98442,                 0.9945,                0.91893,                0.45129,                0.20142,                 0.8223,               0.001288,               0.001288,               0.001288
                    442,                0.46502,                0.24645,                0.86875,                0.99346,                0.98429,                0.99447,                0.91849,                0.45237,                0.20224,                 0.8226,              0.0012682,              0.0012682,              0.0012682
                    443,                0.46457,                0.24618,                0.87063,                0.99398,                0.98429,                0.99447,                0.91929,                0.45078,                0.20141,                0.82202,              0.0012484,              0.0012484,              0.0012484
                    444,                0.46564,                0.24684,                0.86959,                0.99471,                0.98429,                0.99451,                0.92076,                 0.4482,                0.20057,                0.82119,              0.0012286,              0.0012286,              0.0012286
                    445,                0.46433,                0.24497,                0.86943,                0.99471,                0.98434,                0.99452,                   0.92,                0.44758,                 0.2005,                  0.821,              0.0012088,              0.0012088,              0.0012088
                    446,                0.46311,                0.24587,                0.87036,                0.99515,                0.98393,                0.99451,                0.92013,                0.44695,                0.20032,                0.82073,               0.001189,               0.001189,               0.001189
                    447,                0.46185,                0.24262,                0.86992,                 0.9948,                0.98429,                 0.9945,                0.92113,                0.44565,                0.20033,                0.82032,              0.0011692,              0.0011692,              0.0011692
                    448,                0.45756,                0.24156,                0.86953,                0.99512,                0.98429,                 0.9945,                0.92024,                0.44624,                0.20072,                0.82056,              0.0011494,              0.0011494,              0.0011494
                    449,                0.46289,                0.24407,                0.86982,                0.99463,                0.98429,                 0.9945,                0.92059,                0.44495,                0.20045,                0.82017,              0.0011296,              0.0011296,              0.0011296
                    450,                0.45894,                0.24322,                0.87071,                0.99453,                0.98429,                 0.9945,                0.92107,                0.44506,                0.20082,                0.82022,              0.0011098,              0.0011098,              0.0011098
                    451,                0.46067,                0.24173,                0.86814,                0.99402,                 0.9856,                0.99461,                0.92195,                0.44268,                0.19987,                0.81947,                0.00109,                0.00109,                0.00109
                    452,                0.45318,                0.23956,                0.86856,                0.99384,                0.98538,                0.99461,                0.92184,                0.44413,                 0.2003,                0.81993,              0.0010702,              0.0010702,              0.0010702
                    453,                0.45661,                0.23983,                0.86754,                0.99471,                0.98438,                0.99451,                 0.9209,                0.44499,                0.20087,                0.82018,              0.0010504,              0.0010504,              0.0010504
                    454,                0.45729,                0.23974,                0.86833,                0.99471,                 0.9841,                0.99451,                0.92103,                0.44577,                0.20113,                 0.8204,              0.0010306,              0.0010306,              0.0010306
